raw_data,fix_data=0.1,dynamic_data=0.1,fix_data=1,dynamic_data=1
0.5907643437385559,0.57,0.567,0.572,0.569
0.6852110028266907,0.65,0.66,0.662,0.667
0.7193471193313599,0.67,0.682,0.685,0.692
0.7331807613372803,0.71,0.712,0.722,0.721
0.7486066818237305,0.72,0.725,0.726,0.732